citizen_id,archetype,age_group,age_mid,walking_speed_kmh,heat_tolerance,rain_tolerance,crowd_tolerance,green_preference,transit_preference
C00001,Student,18-24,21,5.9,0.244,0.637,0.605,0.81,0.209
C00002,Transit-dependent citizen,25-34,29,5.09,0.358,0.288,0.443,0.722,0.63
C00003,Student,Under 18,16,6.58,0.595,0.836,0.448,0.969,0.024
C00004,Student,18-24,21,6.03,0.078,0.998,0.105,0.989,0.266
C00005,Family / parent,35-44,39,4.17,0.035,0.57,0.163,0.981,0.133
C00006,Student,18-24,21,4.26,0.155,0.992,0.32,0.883,0.36
C00007,Student,18-24,21,4.99,0.408,0.445,0.433,0.87,0.469
C00008,Student,18-24,21,6.04,0.619,0.98,0.548,0.207,0.364
C00009,Transit-dependent citizen,18-24,21,5.99,0.618,0.515,0.606,0.276,0.923
C00010,Outdoor worker,18-24,21,3.84,0.741,0.645,0.563,0.856,0.358
C00011,Student,Under 18,16,6.38,0.257,0.743,0.481,0.728,0.042
C00012,Student,18-24,21,3.91,0.107,0.081,0.716,0.875,0.287
C00013,Outdoor worker,18-24,21,6.47,0.906,0.901,0.629,0.804,0.143
C00014,Transit-dependent citizen,18-24,21,4.78,0.448,0.394,0.526,0.778,0.788
C00015,General pedestrian,35-44,39,4.8,0.435,0.939,0.242,0.788,0.02
C00016,Outdoor worker,25-34,29,5.38,0.744,0.484,0.358,0.943,0.364
C00017,Transit-dependent citizen,18-24,21,5.23,0.023,0.957,0.356,0.857,0.723
C00018,Transit-dependent citizen,18-24,21,4.66,0.309,0.089,0.467,0.736,0.901
C00019,Outdoor worker,18-24,21,6.87,0.793,0.821,0.531,0.889,0.103
C00020,Student,18-24,21,5.27,0.39,0.905,0.353,0.679,0.015
C00021,Elderly citizen,60+,66,6.84,0.102,0.798,0.363,0.66,0.045
C00022,Transit-dependent citizen,35-44,39,5.01,0.323,0.981,0.146,0.987,0.964
C00023,Outdoor worker,18-24,21,6.29,0.935,0.931,0.507,0.928,0.005
C00024,General pedestrian,45-59,52,5.85,0.648,0.938,0.622,0.669,0.02
C00025,Outdoor worker,18-24,21,5.75,0.801,0.984,0.447,0.633,0.019
C00026,Student,18-24,21,5.64,0.363,0.934,0.36,0.939,0.197
C00027,Outdoor worker,18-24,21,7.2,0.782,0.994,0.486,0.559,0.139
C00028,Student,18-24,21,7.2,0.22,0.342,0.29,0.924,0.002
C00029,Student,Under 18,16,5.3,0.424,0.651,0.378,0.961,0.177
C00030,Outdoor worker,18-24,21,6.52,0.748,0.994,0.459,0.599,0.045
C00031,Student,Under 18,16,6.12,0.629,0.929,0.459,0.761,0.08
C00032,Student,Under 18,16,6.99,0.519,0.07,0.492,0.722,0.091
C00033,Outdoor worker,45-59,52,4.35,0.848,0.269,0.388,0.824,0.021
C00034,Transit-dependent citizen,18-24,21,3.96,0.539,0.428,0.257,0.953,0.863
C00035,Student,18-24,21,4.09,0.066,0.007,0.679,0.63,0.15
C00036,General pedestrian,25-34,29,5.04,0.027,0.434,0.319,0.744,0.5
C00037,General pedestrian,25-34,29,5.82,0.081,0.796,0.492,0.812,0.206
C00038,Transit-dependent citizen,Under 18,16,6.07,0.635,0.977,0.509,0.932,0.811
C00039,Student,18-24,21,5.8,0.404,0.985,0.298,0.749,0.091
C00040,Student,18-24,21,6.19,0.614,0.176,0.748,0.813,0.0
C00041,General pedestrian,35-44,39,5.69,0.621,0.698,0.306,0.839,0.544
C00042,Family / parent,45-59,52,6.63,0.027,0.965,0.317,0.946,0.004
C00043,Student,18-24,21,4.01,0.116,0.104,0.336,0.828,0.026
C00044,Outdoor worker,Under 18,16,4.74,0.754,0.695,0.397,0.909,0.1
C00045,Transit-dependent citizen,18-24,21,5.99,0.62,0.901,0.376,0.98,0.696
C00046,Outdoor worker,45-59,52,6.34,0.967,0.932,0.422,0.882,0.008
C00047,Family / parent,45-59,52,5.35,0.417,0.966,0.433,0.933,0.001
C00048,Outdoor worker,Under 18,16,6.25,0.889,0.853,0.331,0.686,0.101
C00049,Mobility-limited citizen,18-24,21,3.37,0.459,0.89,0.105,0.992,0.185
C00050,General pedestrian,35-44,39,5.83,0.536,0.338,0.513,0.793,0.059
C00051,Elderly citizen,60+,66,5.92,0.42,0.038,0.332,0.739,0.049
C00052,Elderly citizen,60+,66,5.4,0.226,0.407,0.313,0.724,0.079
C00053,Student,Under 18,16,6.75,0.445,0.861,0.434,0.948,0.169
C00054,Mobility-limited citizen,18-24,21,3.38,0.575,0.838,0.398,0.908,0.718
C00055,Elderly citizen,60+,66,5.23,0.405,0.869,0.175,0.591,0.319
C00056,Family / parent,45-59,52,5.26,0.26,0.807,0.465,0.98,0.17
C00057,Outdoor worker,Under 18,16,5.62,0.94,0.326,0.465,0.904,0.003
C00058,General pedestrian,25-34,29,5.97,0.136,0.037,0.252,0.709,0.007
C00059,Student,18-24,21,5.03,0.17,0.459,0.336,0.92,0.007
C00060,Student,Under 18,16,4.96,0.468,0.506,0.452,0.867,0.158
C00061,Transit-dependent citizen,25-34,29,7.2,0.759,0.073,0.67,0.747,0.705
C00062,Outdoor worker,18-24,21,6.21,0.814,0.999,0.593,0.928,0.111
C00063,Outdoor worker,18-24,21,5.25,0.951,0.928,0.544,0.973,0.052
C00064,Student,18-24,21,5.58,0.23,0.974,0.545,0.752,0.397
C00065,Outdoor worker,18-24,21,5.63,0.767,0.075,0.736,0.4,0.126
C00066,Elderly citizen,60+,66,4.1,0.062,0.887,0.272,0.839,0.139
C00067,Student,18-24,21,4.4,0.09,0.249,0.275,0.91,0.51
C00068,Transit-dependent citizen,18-24,21,6.78,0.372,0.606,0.442,0.577,0.637
C00069,Outdoor worker,Under 18,16,5.13,0.882,0.927,0.51,0.778,0.001
C00070,Outdoor worker,18-24,21,5.85,0.946,0.973,0.724,0.268,0.01
C00071,Student,18-24,21,6.68,0.573,0.898,0.163,0.984,0.006
C00072,Student,Under 18,16,5.38,0.233,0.798,0.393,0.915,0.013
C00073,Student,18-24,21,5.5,0.102,0.945,0.174,0.846,0.256
C00074,General pedestrian,45-59,52,3.95,0.204,0.986,0.36,0.799,0.567
C00075,Student,Under 18,16,6.55,0.523,0.188,0.424,0.837,0.004
C00076,General pedestrian,45-59,52,5.13,0.311,0.632,0.486,0.654,0.352
C00077,Student,18-24,21,5.4,0.13,0.537,0.585,0.608,0.006
C00078,Student,18-24,21,7.2,0.464,0.994,0.635,0.472,0.573
C00079,Transit-dependent citizen,45-59,52,3.93,0.213,0.947,0.43,0.851,0.616
C00080,Elderly citizen,60+,66,3.34,0.044,0.767,0.277,0.733,0.013
C00081,General pedestrian,25-34,29,4.11,0.628,0.663,0.607,0.751,0.064
C00082,Student,Under 18,16,3.78,0.322,0.995,0.252,0.985,0.198
C00083,General pedestrian,45-59,52,5.97,0.264,0.993,0.701,0.109,0.24
C00084,Student,18-24,21,7.0,0.128,0.439,0.214,0.774,0.005
C00085,General pedestrian,45-59,52,5.25,0.052,0.378,0.368,0.766,0.025
C00086,Student,18-24,21,5.1,0.262,0.698,0.157,0.941,0.157
C00087,Student,18-24,21,5.57,0.246,0.041,0.555,0.944,0.009
C00088,Student,Under 18,16,5.74,0.639,0.919,0.453,0.808,0.017
C00089,Student,18-24,21,5.56,0.319,0.974,0.303,0.865,0.064
C00090,Transit-dependent citizen,25-34,29,5.33,0.103,0.975,0.54,0.955,0.605
C00091,Student,Under 18,16,5.62,0.363,0.632,0.603,0.857,0.145
C00092,Student,18-24,21,5.85,0.279,0.904,0.38,0.669,0.064
C00093,Student,Under 18,16,5.85,0.307,0.877,0.441,0.413,0.057
C00094,Student,18-24,21,4.62,0.35,0.428,0.337,0.853,0.175
C00095,Elderly citizen,60+,66,4.61,0.856,0.913,0.332,0.926,0.005
C00096,Transit-dependent citizen,18-24,21,5.5,0.092,0.969,0.674,0.344,0.874
C00097,Outdoor worker,45-59,52,5.87,0.821,0.99,0.238,0.532,0.164
C00098,Elderly citizen,60+,66,6.03,0.178,0.074,0.441,0.737,0.013
C00099,Student,Under 18,16,6.3,0.66,0.518,0.497,0.48,0.07
C00100,Student,18-24,21,5.23,0.614,0.189,0.752,0.659,0.272
C00101,Transit-dependent citizen,18-24,21,6.95,0.604,0.973,0.482,0.938,0.843
C00102,Mobility-limited citizen,45-59,52,2.99,0.06,0.945,0.106,0.977,0.097
C00103,General pedestrian,45-59,52,6.25,0.173,0.923,0.454,0.175,0.206
C00104,Outdoor worker,18-24,21,5.65,0.909,0.077,0.643,0.502,0.483
C00105,Outdoor worker,18-24,21,5.81,0.961,0.894,0.521,0.945,0.187
C00106,Outdoor worker,35-44,39,5.72,0.852,0.206,0.597,0.956,0.599
C00107,Student,18-24,21,7.2,0.507,0.637,0.614,0.338,0.402
C00108,Outdoor worker,18-24,21,5.89,0.832,0.988,0.472,0.849,0.014
C00109,General pedestrian,25-34,29,7.2,0.584,0.293,0.608,0.543,0.016
C00110,Student,18-24,21,5.76,0.439,0.851,0.564,0.615,0.55
C00111,Mobility-limited citizen,35-44,39,3.13,0.772,0.381,0.125,0.921,0.011
C00112,Outdoor worker,18-24,21,7.2,0.856,0.666,0.66,0.597,0.125
C00113,Student,18-24,21,4.38,0.033,0.688,0.31,0.908,0.021
C00114,Student,18-24,21,5.45,0.644,0.768,0.666,0.672,0.164
C00115,Outdoor worker,18-24,21,7.13,0.756,0.956,0.549,0.8,0.027
C00116,Elderly citizen,60+,66,4.99,0.096,0.505,0.083,0.879,0.549
C00117,Outdoor worker,18-24,21,5.66,0.947,0.258,0.616,0.959,0.024
C00118,Outdoor worker,18-24,21,4.38,0.724,0.105,0.349,0.355,0.041
C00119,Elderly citizen,60+,66,3.89,0.199,0.157,0.227,0.985,0.287
C00120,Student,18-24,21,5.14,0.156,0.355,0.297,0.987,0.045
C00121,Mobility-limited citizen,45-59,52,3.14,0.242,0.879,0.079,0.995,0.249
C00122,Elderly citizen,60+,66,5.32,0.04,0.022,0.418,0.962,0.015
C00123,General pedestrian,35-44,39,6.17,0.206,0.965,0.347,0.674,0.002
C00124,Student,18-24,21,6.99,0.22,0.806,0.387,0.923,0.21
C00125,Outdoor worker,18-24,21,6.55,0.944,0.004,0.659,0.574,0.246
C00126,Student,18-24,21,5.79,0.466,0.728,0.415,0.917,0.131
C00127,Outdoor worker,Under 18,16,7.14,0.943,0.983,0.573,0.41,0.157
C00128,Student,18-24,21,5.16,0.646,0.643,0.328,0.959,0.006
C00129,Student,18-24,21,4.24,0.364,0.21,0.744,0.754,0.003
C00130,Outdoor worker,18-24,21,4.49,0.815,0.965,0.664,0.836,0.084
C00131,Student,18-24,21,5.7,0.362,0.382,0.695,0.976,0.033
C00132,Student,Under 18,16,5.08,0.435,0.962,0.098,0.956,0.017
C00133,Student,18-24,21,6.82,0.115,0.949,0.201,0.939,0.015
C00134,Student,18-24,21,6.11,0.635,0.992,0.313,0.84,0.007
C00135,Outdoor worker,18-24,21,5.88,0.892,0.42,0.567,0.665,0.04
C00136,Student,18-24,21,6.88,0.55,0.98,0.156,0.937,0.523
C00137,Student,18-24,21,4.83,0.078,0.863,0.256,0.98,0.019
C00138,Student,18-24,21,6.35,0.52,0.821,0.324,0.666,0.031
C00139,Student,Under 18,16,4.58,0.16,0.034,0.603,0.834,0.001
C00140,Student,18-24,21,5.46,0.1,0.877,0.632,0.919,0.251
C00141,Student,Under 18,16,7.14,0.476,0.988,0.452,0.922,0.373
C00142,Student,18-24,21,4.97,0.33,0.202,0.613,0.653,0.103
C00143,Outdoor worker,18-24,21,5.47,0.891,0.992,0.557,0.631,0.088
C00144,Outdoor worker,18-24,21,4.17,0.909,0.371,0.46,0.986,0.011
C00145,General pedestrian,35-44,39,7.2,0.716,0.691,0.692,0.668,0.202
C00146,Outdoor worker,18-24,21,5.41,0.884,0.754,0.758,0.636,0.094
C00147,Transit-dependent citizen,18-24,21,5.61,0.881,0.029,0.489,0.518,0.634
C00148,Outdoor worker,Under 18,16,5.99,0.817,0.952,0.397,0.905,0.289
C00149,Student,18-24,21,5.89,0.282,0.788,0.305,0.673,0.214
C00150,Student,18-24,21,6.05,0.454,0.973,0.631,0.587,0.216
C00151,Outdoor worker,18-24,21,5.72,0.947,0.02,0.857,0.149,0.528
C00152,Transit-dependent citizen,Under 18,16,4.23,0.556,0.159,0.217,0.966,0.769
C00153,Outdoor worker,18-24,21,5.7,0.758,0.776,0.349,0.916,0.028
C00154,Elderly citizen,60+,66,5.87,0.82,0.991,0.331,0.913,0.004
C00155,Student,18-24,21,3.99,0.264,0.327,0.566,0.902,0.013
C00156,Family / parent,45-59,52,3.93,0.435,0.241,0.498,0.989,0.01
C00157,Outdoor worker,Under 18,16,5.77,0.824,0.686,0.549,0.397,0.485
C00158,General pedestrian,45-59,52,5.43,0.425,0.862,0.439,0.804,0.421
C00159,Student,18-24,21,5.04,0.692,0.781,0.22,0.965,0.05
C00160,Outdoor worker,18-24,21,6.24,0.893,0.139,0.834,0.136,0.035
C00161,Student,18-24,21,3.71,0.068,0.004,0.317,0.852,0.271
C00162,Elderly citizen,60+,66,5.49,0.805,0.335,0.37,0.862,0.038
C00163,Transit-dependent citizen,18-24,21,4.78,0.53,0.992,0.382,0.979,0.94
C00164,General pedestrian,25-34,29,5.98,0.069,0.739,0.23,0.824,0.018
C00165,Outdoor worker,45-59,52,5.67,0.798,0.264,0.532,0.671,0.019
C00166,Elderly citizen,60+,66,4.95,0.373,0.276,0.578,0.889,0.016
C00167,Student,18-24,21,5.82,0.459,0.327,0.463,0.615,0.013
C00168,Transit-dependent citizen,18-24,21,4.03,0.949,0.368,0.709,0.886,0.902
C00169,Family / parent,35-44,39,5.52,0.542,0.789,0.739,0.881,0.344
C00170,Student,18-24,21,7.05,0.33,0.984,0.341,0.874,0.003
C00171,Family / parent,25-34,29,7.16,0.025,0.835,0.305,0.983,0.012
C00172,General pedestrian,45-59,52,5.47,0.314,0.264,0.577,0.529,0.002
C00173,Outdoor worker,Under 18,16,6.1,0.921,0.68,0.816,0.517,0.209
C00174,Outdoor worker,Under 18,16,4.12,0.729,0.6,0.802,0.644,0.023
C00175,Student,Under 18,16,5.33,0.271,0.631,0.681,0.8,0.544
C00176,Transit-dependent citizen,18-24,21,6.86,0.691,0.114,0.835,0.273,0.901
C00177,Student,Under 18,16,4.03,0.516,0.4,0.371,0.966,0.008
C00178,Student,18-24,21,5.28,0.044,0.995,0.281,0.71,0.038
C00179,Transit-dependent citizen,Under 18,16,5.36,0.744,0.108,0.603,0.15,0.609
C00180,Student,18-24,21,4.5,0.142,0.983,0.672,0.647,0.05
C00181,Student,Under 18,16,5.04,0.532,0.973,0.363,0.908,0.296
C00182,Family / parent,25-34,29,6.35,0.259,0.736,0.295,0.863,0.0
C00183,Outdoor worker,18-24,21,6.97,0.826,0.971,0.183,0.832,0.127
C00184,Outdoor worker,Under 18,16,4.44,0.934,0.08,0.402,0.982,0.0
C00185,General pedestrian,45-59,52,4.28,0.341,0.889,0.414,0.818,0.06
C00186,Student,18-24,21,6.29,0.293,0.962,0.2,0.808,0.028
C00187,Student,Under 18,16,5.58,0.667,0.391,0.602,0.798,0.163
C00188,Outdoor worker,45-59,52,6.52,0.788,0.683,0.647,0.771,0.005
C00189,Student,18-24,21,5.33,0.545,0.886,0.679,0.985,0.385
C00190,Elderly citizen,60+,66,4.58,0.67,0.993,0.413,0.974,0.008
C00191,Transit-dependent citizen,18-24,21,4.75,0.816,0.586,0.231,0.518,0.911
C00192,Student,18-24,21,6.02,0.716,0.115,0.724,0.908,0.026
C00193,Mobility-limited citizen,35-44,39,3.34,0.549,0.898,0.451,0.825,0.016
C00194,Outdoor worker,18-24,21,5.98,0.823,0.799,0.605,0.938,0.102
C00195,Student,Under 18,16,6.85,0.645,0.996,0.42,0.9,0.199
C00196,Student,18-24,21,6.75,0.264,0.508,0.621,0.945,0.324
C00197,Student,Under 18,16,5.75,0.317,0.486,0.42,0.968,0.0
C00198,Student,18-24,21,6.05,0.131,0.766,0.584,0.577,0.129
C00199,Outdoor worker,45-59,52,5.59,0.878,0.85,0.374,0.88,0.303
C00200,Outdoor worker,45-59,52,5.77,0.871,0.055,0.657,0.423,0.136
C00201,Transit-dependent citizen,18-24,21,6.88,0.272,0.968,0.491,0.942,0.668
C00202,Outdoor worker,18-24,21,6.12,0.792,0.527,0.759,0.637,0.367
C00203,Outdoor worker,25-34,29,5.74,0.913,0.605,0.724,0.958,0.039
C00204,Student,18-24,21,4.45,0.416,0.987,0.34,0.993,0.039
C00205,General pedestrian,35-44,39,5.52,0.338,0.106,0.509,0.75,0.399
C00206,Outdoor worker,Under 18,16,4.4,0.963,0.154,0.603,0.638,0.246
C00207,Student,18-24,21,5.06,0.585,0.99,0.44,0.723,0.442
C00208,Transit-dependent citizen,18-24,21,4.94,0.864,0.78,0.427,0.576,0.86
C00209,Student,18-24,21,6.66,0.149,0.947,0.192,0.967,0.001
C00210,Student,Under 18,16,4.53,0.612,0.193,0.494,0.995,0.014
C00211,Student,18-24,21,5.21,0.512,0.422,0.546,0.968,0.217
C00212,Student,18-24,21,5.34,0.573,0.303,0.114,0.89,0.376
C00213,Transit-dependent citizen,Under 18,16,4.59,0.643,0.677,0.374,0.696,0.831
C00214,Student,18-24,21,4.83,0.284,0.087,0.368,0.808,0.045
C00215,Outdoor worker,Under 18,16,5.23,0.939,0.082,0.838,0.887,0.029
C00216,Outdoor worker,Under 18,16,5.82,0.77,0.996,0.363,0.368,0.028
C00217,Student,18-24,21,5.25,0.5,0.017,0.581,0.765,0.074
C00218,General pedestrian,45-59,52,6.0,0.581,0.931,0.755,0.203,0.143
C00219,Outdoor worker,45-59,52,6.09,0.73,0.3,0.364,0.937,0.398
C00220,Elderly citizen,60+,66,6.6,0.115,0.827,0.493,0.318,0.518
C00221,Student,18-24,21,4.85,0.367,0.062,0.302,0.313,0.02
C00222,Mobility-limited citizen,18-24,21,1.97,0.398,0.708,0.141,0.962,0.093
C00223,Elderly citizen,60+,66,5.24,0.55,0.052,0.466,0.987,0.087
C00224,Outdoor worker,18-24,21,6.13,0.725,0.333,0.77,0.865,0.316
C00225,Family / parent,35-44,39,5.4,0.045,0.823,0.524,0.936,0.045
C00226,Student,18-24,21,3.92,0.65,0.998,0.453,0.897,0.031
C00227,Transit-dependent citizen,18-24,21,3.76,0.516,0.806,0.491,0.687,0.635
C00228,Elderly citizen,60+,66,6.79,0.59,0.993,0.483,0.953,0.061
C00229,Student,18-24,21,4.18,0.499,0.28,0.694,0.944,0.168
C00230,Student,18-24,21,6.04,0.082,0.731,0.306,0.559,0.362
C00231,Outdoor worker,18-24,21,7.06,0.855,0.66,0.476,0.157,0.0
C00232,Student,Under 18,16,4.86,0.268,0.173,0.738,0.984,0.059
C00233,Outdoor worker,25-34,29,5.82,0.851,0.003,0.626,0.107,0.005
C00234,Student,18-24,21,6.7,0.116,0.059,0.662,0.98,0.024
C00235,Student,18-24,21,4.03,0.521,0.871,0.17,0.791,0.016
C00236,Transit-dependent citizen,18-24,21,3.98,0.308,0.396,0.629,0.837,0.603
C00237,Outdoor worker,Under 18,16,6.04,0.831,0.947,0.298,0.982,0.019
C00238,Mobility-limited citizen,18-24,21,2.56,0.595,0.983,0.121,0.981,0.06
C00239,Transit-dependent citizen,45-59,52,4.14,0.709,0.812,0.37,0.925,0.611
C00240,General pedestrian,35-44,39,6.02,0.082,0.592,0.617,0.763,0.021
C00241,Student,18-24,21,6.94,0.563,0.906,0.509,0.96,0.031
C00242,Elderly citizen,60+,66,6.41,0.968,0.896,0.45,0.634,0.605
C00243,Mobility-limited citizen,18-24,21,3.36,0.091,0.927,0.197,0.131,0.947
C00244,Family / parent,25-34,29,7.06,0.469,0.942,0.505,0.941,0.51
C00245,Outdoor worker,18-24,21,3.98,0.87,0.527,0.709,0.436,0.055
C00246,Student,Under 18,16,5.58,0.385,0.895,0.136,0.995,0.004
C00247,Student,Under 18,16,6.05,0.284,0.893,0.227,0.898,0.025
C00248,Family / parent,45-59,52,4.55,0.343,0.464,0.193,0.956,0.024
C00249,Student,Under 18,16,5.87,0.433,0.003,0.776,0.841,0.016
C00250,Student,18-24,21,5.59,0.585,0.967,0.335,0.966,0.248
C00251,Transit-dependent citizen,18-24,21,4.59,0.965,0.813,0.333,0.867,0.937
C00252,Outdoor worker,35-44,39,6.41,0.936,0.759,0.575,0.045,0.25
C00253,Outdoor worker,45-59,52,5.2,0.75,0.368,0.798,0.38,0.172
C00254,Family / parent,45-59,52,4.33,0.489,0.963,0.552,0.918,0.097
C00255,General pedestrian,45-59,52,5.29,0.703,0.008,0.662,0.521,0.055
C00256,Outdoor worker,18-24,21,7.2,0.97,0.847,0.268,0.994,0.003
C00257,Student,18-24,21,6.76,0.687,0.61,0.411,0.265,0.043
C00258,Student,18-24,21,4.28,0.472,0.892,0.538,0.723,0.06
C00259,Family / parent,25-34,29,7.2,0.54,0.593,0.508,0.923,0.004
C00260,Student,Under 18,16,7.14,0.715,0.982,0.351,0.392,0.179
C00261,Transit-dependent citizen,25-34,29,6.24,0.546,0.219,0.444,0.458,0.685
C00262,Student,Under 18,16,6.19,0.558,0.193,0.229,0.824,0.038
C00263,Student,18-24,21,4.68,0.541,0.899,0.293,0.962,0.016
C00264,Student,18-24,21,4.07,0.046,0.901,0.278,0.89,0.351
C00265,Outdoor worker,18-24,21,3.77,0.836,0.234,0.52,0.423,0.356
C00266,Student,18-24,21,5.84,0.499,0.717,0.58,0.567,0.456
C00267,Transit-dependent citizen,18-24,21,7.15,0.321,0.995,0.374,0.928,0.702
C00268,Student,18-24,21,5.82,0.333,0.614,0.35,0.983,0.222
C00269,Student,18-24,21,5.4,0.577,0.202,0.424,0.978,0.006
C00270,Student,Under 18,16,4.86,0.034,0.213,0.453,0.969,0.6
C00271,General pedestrian,45-59,52,5.43,0.399,0.981,0.313,0.714,0.081
C00272,Outdoor worker,Under 18,16,6.94,0.922,0.931,0.649,0.658,0.266
C00273,Elderly citizen,60+,66,6.26,0.655,0.937,0.369,0.495,0.427
C00274,Student,18-24,21,5.85,0.174,0.797,0.106,0.874,0.381
C00275,Elderly citizen,60+,66,4.43,0.353,0.913,0.278,0.898,0.091
C00276,Outdoor worker,Under 18,16,5.39,0.873,0.032,0.871,0.591,0.007
C00277,General pedestrian,45-59,52,4.45,0.103,0.81,0.468,0.446,0.119
C00278,Elderly citizen,60+,66,6.11,0.504,0.883,0.53,0.96,0.163
C00279,Student,18-24,21,6.22,0.284,0.491,0.449,0.871,0.127
C00280,Outdoor worker,18-24,21,6.95,0.924,0.431,0.486,0.812,0.003
C00281,Student,18-24,21,5.52,0.109,0.997,0.187,0.976,0.06
C00282,Student,18-24,21,7.2,0.218,0.968,0.414,0.754,0.002
C00283,Student,Under 18,16,4.6,0.257,0.992,0.132,0.958,0.065
C00284,Family / parent,45-59,52,6.42,0.343,0.97,0.132,0.984,0.183
C00285,Outdoor worker,Under 18,16,5.31,0.839,0.943,0.239,0.923,0.056
C00286,Outdoor worker,18-24,21,4.81,0.883,0.374,0.67,0.348,0.411
C00287,Student,18-24,21,6.66,0.578,0.819,0.258,0.974,0.028
C00288,Mobility-limited citizen,45-59,52,2.82,0.079,0.372,0.316,0.976,0.188
C00289,General pedestrian,25-34,29,5.93,0.412,0.981,0.608,0.796,0.001
C00290,Student,18-24,21,7.14,0.577,0.41,0.252,0.523,0.029
C00291,Student,18-24,21,4.91,0.298,0.971,0.127,0.679,0.106
C00292,Outdoor worker,18-24,21,5.72,0.929,0.99,0.231,0.869,0.01
C00293,Student,Under 18,16,3.99,0.06,0.949,0.315,0.848,0.303
C00294,Mobility-limited citizen,Under 18,16,3.09,0.593,0.015,0.375,0.909,0.006
C00295,Outdoor worker,18-24,21,7.2,0.819,0.962,0.449,0.503,0.554
C00296,Elderly citizen,60+,66,5.11,0.23,0.869,0.3,0.856,0.015
C00297,Mobility-limited citizen,18-24,21,3.56,0.274,0.059,0.285,0.954,0.123
C00298,Student,18-24,21,5.59,0.349,0.295,0.665,0.989,0.015
C00299,Student,18-24,21,6.95,0.107,0.385,0.607,0.847,0.01
C00300,Student,Under 18,16,4.73,0.128,0.665,0.339,0.995,0.493
C00301,Family / parent,45-59,52,4.3,0.519,0.261,0.249,0.996,0.073
C00302,Transit-dependent citizen,25-34,29,5.91,0.733,0.171,0.347,0.942,0.657
C00303,Elderly citizen,60+,66,6.52,0.952,0.959,0.277,0.499,0.119
C00304,Student,18-24,21,5.55,0.491,0.787,0.301,0.412,0.013
C00305,Student,18-24,21,6.79,0.563,0.941,0.314,0.902,0.096
C00306,Student,18-24,21,5.14,0.354,0.997,0.437,0.909,0.543
C00307,General pedestrian,45-59,52,5.99,0.107,0.411,0.351,0.836,0.055
C00308,Outdoor worker,18-24,21,4.51,0.938,0.961,0.551,0.762,0.282
C00309,Transit-dependent citizen,18-24,21,5.45,0.895,0.869,0.325,0.884,0.813
C00310,Outdoor worker,Under 18,16,5.25,0.79,0.149,0.573,0.772,0.12
C00311,Elderly citizen,60+,66,5.43,0.884,0.449,0.671,0.43,0.007
C00312,Elderly citizen,60+,66,5.6,0.252,0.261,0.64,0.611,0.912
C00313,Student,18-24,21,6.03,0.573,0.021,0.594,0.374,0.007
C00314,Student,18-24,21,6.88,0.679,0.101,0.57,0.886,0.003
C00315,Student,Under 18,16,6.34,0.664,0.988,0.514,0.952,0.002
C00316,Elderly citizen,60+,66,5.94,0.94,0.065,0.543,0.881,0.023
C00317,Student,18-24,21,4.53,0.565,0.825,0.379,0.815,0.136
C00318,Elderly citizen,60+,66,6.16,0.396,0.836,0.48,0.718,0.09
C00319,Mobility-limited citizen,Under 18,16,3.38,0.848,0.888,0.239,0.978,0.208
C00320,Transit-dependent citizen,18-24,21,5.14,0.744,0.173,0.623,0.592,0.891
C00321,Outdoor worker,18-24,21,6.29,0.833,0.178,0.857,0.205,0.009
C00322,Student,18-24,21,4.02,0.699,0.073,0.644,0.92,0.005
C00323,Student,18-24,21,6.21,0.456,0.967,0.434,0.915,0.016
C00324,Outdoor worker,18-24,21,7.2,0.869,0.92,0.458,0.977,0.062
C00325,Student,Under 18,16,5.82,0.276,0.702,0.266,0.941,0.487
C00326,Student,18-24,21,7.2,0.55,0.68,0.415,0.854,0.09
C00327,Outdoor worker,25-34,29,7.15,0.904,0.626,0.692,0.926,0.057
C00328,General pedestrian,25-34,29,5.97,0.143,0.014,0.649,0.755,0.216
C00329,Transit-dependent citizen,18-24,21,4.23,0.089,0.986,0.31,0.857,0.635
C00330,General pedestrian,45-59,52,5.23,0.701,0.631,0.72,0.626,0.28
C00331,Student,18-24,21,4.11,0.285,0.02,0.364,0.904,0.046
C00332,Family / parent,45-59,52,5.48,0.378,0.007,0.57,0.89,0.152
C00333,Transit-dependent citizen,18-24,21,6.29,0.224,0.069,0.705,0.251,0.948
C00334,Family / parent,35-44,39,5.45,0.467,0.99,0.393,0.957,0.154
C00335,Student,18-24,21,6.49,0.123,0.421,0.304,0.802,0.02
C00336,Student,Under 18,16,5.67,0.658,0.992,0.621,0.711,0.488
C00337,Student,Under 18,16,6.81,0.242,0.035,0.519,0.42,0.152
C00338,Student,18-24,21,6.55,0.72,0.051,0.717,0.457,0.015
C00339,Outdoor worker,Under 18,16,6.83,0.868,0.87,0.665,0.965,0.004
C00340,Student,18-24,21,3.84,0.121,0.605,0.201,0.995,0.043
C00341,Student,18-24,21,5.87,0.277,0.017,0.6,0.953,0.012
C00342,Outdoor worker,18-24,21,4.26,0.799,0.625,0.23,0.973,0.029
C00343,Outdoor worker,Under 18,16,4.36,0.887,0.424,0.788,0.378,0.078
C00344,Student,18-24,21,4.09,0.53,0.96,0.344,0.939,0.014
C00345,Family / parent,25-34,29,5.58,0.105,0.8,0.598,0.859,0.073
C00346,Student,18-24,21,6.91,0.179,0.565,0.167,0.856,0.153
C00347,Transit-dependent citizen,18-24,21,6.98,0.725,0.866,0.447,0.647,0.947
C00348,Family / parent,25-34,29,5.47,0.698,0.116,0.156,0.951,0.002
C00349,Elderly citizen,60+,66,4.28,0.646,0.766,0.633,0.996,0.562
C00350,Outdoor worker,18-24,21,6.94,0.894,0.842,0.585,0.381,0.072
C00351,Outdoor worker,35-44,39,6.23,0.851,0.087,0.64,0.782,0.01
C00352,Student,18-24,21,5.86,0.574,0.907,0.371,0.277,0.015
C00353,Family / parent,25-34,29,5.14,0.59,0.877,0.292,0.922,0.036
C00354,Student,18-24,21,5.49,0.236,0.403,0.456,0.486,0.01
C00355,Transit-dependent citizen,Under 18,16,6.14,0.157,0.699,0.817,0.143,0.629
C00356,Transit-dependent citizen,18-24,21,5.01,0.539,0.01,0.598,0.804,0.794
C00357,Student,Under 18,16,5.03,0.68,0.077,0.416,0.983,0.481
C00358,Student,18-24,21,5.43,0.169,0.065,0.466,0.875,0.119
C00359,Outdoor worker,18-24,21,5.44,0.748,0.501,0.364,0.888,0.002
C00360,Mobility-limited citizen,45-59,52,3.26,0.85,0.073,0.856,0.683,0.023
C00361,Student,18-24,21,7.2,0.174,0.151,0.548,0.88,0.017
C00362,Elderly citizen,60+,66,3.6,0.517,0.807,0.291,0.988,0.578
C00363,Family / parent,45-59,52,4.49,0.141,0.96,0.246,0.944,0.105
C00364,Elderly citizen,60+,66,3.06,0.424,0.985,0.167,0.904,0.4
C00365,Student,18-24,21,4.7,0.03,0.97,0.248,0.896,0.013
C00366,Outdoor worker,Under 18,16,5.82,0.803,0.798,0.453,0.973,0.041
C00367,Transit-dependent citizen,18-24,21,6.24,0.097,0.809,0.598,0.902,0.769
C00368,Transit-dependent citizen,18-24,21,3.88,0.603,0.033,0.712,0.939,0.916
C00369,Outdoor worker,18-24,21,6.53,0.743,0.782,0.282,0.994,0.174
C00370,Outdoor worker,18-24,21,5.45,0.76,0.69,0.355,0.929,0.027
C00371,Outdoor worker,45-59,52,4.77,0.98,0.876,0.305,0.936,0.001
C00372,Student,18-24,21,4.32,0.227,0.984,0.373,0.875,0.473
C00373,Student,18-24,21,6.4,0.373,0.968,0.372,0.96,0.005
C00374,General pedestrian,25-34,29,4.74,0.138,0.121,0.101,0.85,0.001
C00375,Student,18-24,21,6.17,0.651,0.657,0.175,0.975,0.029
C00376,Outdoor worker,18-24,21,4.16,0.84,0.122,0.726,0.786,0.014
C00377,Student,Under 18,16,5.03,0.282,0.209,0.529,0.952,0.015
C00378,Outdoor worker,25-34,29,6.06,0.982,0.996,0.268,0.901,0.136
C00379,Student,Under 18,16,6.81,0.343,0.893,0.457,0.717,0.206
C00380,General pedestrian,35-44,39,5.05,0.574,0.954,0.373,0.77,0.023
C00381,Student,Under 18,16,5.9,0.36,0.784,0.319,0.797,0.232
C00382,Student,18-24,21,4.78,0.124,0.08,0.355,0.94,0.504
C00383,Elderly citizen,60+,66,6.95,0.771,0.917,0.294,0.841,0.09
C00384,Student,18-24,21,5.28,0.584,0.436,0.578,0.51,0.008
C00385,Family / parent,45-59,52,4.32,0.377,0.949,0.274,0.947,0.209
C00386,Student,18-24,21,6.71,0.1,0.999,0.095,0.76,0.0
C00387,Student,18-24,21,6.01,0.399,0.673,0.501,0.909,0.047
C00388,Transit-dependent citizen,45-59,52,4.69,0.809,0.795,0.481,0.916,0.837
C00389,Outdoor worker,18-24,21,6.48,0.789,0.699,0.703,0.8,0.265
C00390,Outdoor worker,Under 18,16,3.89,0.79,0.076,0.355,0.953,0.007
C00391,Transit-dependent citizen,18-24,21,5.26,0.826,0.281,0.834,0.782,0.948
C00392,Transit-dependent citizen,Under 18,16,6.61,0.566,0.968,0.698,0.852,0.667
C00393,Mobility-limited citizen,Under 18,16,3.41,0.929,0.974,0.247,0.795,0.008
C00394,Mobility-limited citizen,45-59,52,3.39,0.011,0.922,0.045,0.994,0.143
C00395,Outdoor worker,18-24,21,3.95,0.775,0.282,0.686,0.823,0.119
C00396,Outdoor worker,45-59,52,5.01,0.954,0.981,0.667,0.861,0.011
C00397,Student,18-24,21,5.19,0.512,0.71,0.498,0.816,0.06
C00398,Student,Under 18,16,5.67,0.443,0.193,0.354,0.872,0.07
C00399,Student,Under 18,16,4.54,0.159,0.788,0.571,0.625,0.252
C00400,Student,18-24,21,5.09,0.057,0.206,0.445,0.938,0.155
C00401,Transit-dependent citizen,Under 18,16,5.49,0.632,0.918,0.373,0.91,0.776
C00402,Student,18-24,21,6.26,0.682,0.937,0.652,0.837,0.254
C00403,Student,Under 18,16,5.13,0.398,0.485,0.144,0.655,0.183
C00404,Elderly citizen,60+,66,5.85,0.132,0.811,0.639,0.258,0.253
C00405,Family / parent,35-44,39,4.85,0.241,0.13,0.479,0.92,0.014
C00406,Mobility-limited citizen,Under 18,16,3.57,0.679,0.934,0.192,0.92,0.01
C00407,Outdoor worker,18-24,21,4.53,0.968,0.281,0.675,0.81,0.373
C00408,Elderly citizen,60+,66,5.8,0.595,0.563,0.805,0.9,0.113
C00409,Family / parent,45-59,52,6.63,0.433,0.99,0.199,0.958,0.01
C00410,Outdoor worker,18-24,21,7.2,0.98,0.247,0.552,0.891,0.036
C00411,General pedestrian,45-59,52,6.01,0.608,0.418,0.749,0.583,0.115
C00412,Student,Under 18,16,4.28,0.081,0.922,0.243,0.898,0.316
C00413,Family / parent,25-34,29,5.82,0.141,0.905,0.301,0.947,0.003
C00414,Student,Under 18,16,4.68,0.542,0.275,0.552,0.828,0.029
C00415,Student,18-24,21,5.16,0.652,0.107,0.395,0.751,0.058
C00416,Elderly citizen,60+,66,4.44,0.818,0.207,0.623,0.586,0.047
C00417,Transit-dependent citizen,35-44,39,5.76,0.374,0.981,0.62,0.594,0.97
C00418,Student,18-24,21,4.88,0.278,0.008,0.161,0.971,0.029
C00419,Family / parent,35-44,39,6.24,0.302,0.998,0.545,0.944,0.009
C00420,Transit-dependent citizen,18-24,21,4.56,0.427,0.059,0.114,0.983,0.773
C00421,Outdoor worker,18-24,21,6.76,0.874,0.556,0.486,0.795,0.041
C00422,Outdoor worker,18-24,21,7.2,0.858,0.989,0.484,0.581,0.006
C00423,Family / parent,25-34,29,6.1,0.282,0.997,0.12,0.906,0.107
C00424,General pedestrian,35-44,39,5.74,0.469,0.833,0.688,0.513,0.354
C00425,Elderly citizen,60+,66,5.24,0.235,0.141,0.668,0.589,0.063
C00426,Student,18-24,21,4.11,0.525,0.349,0.436,0.965,0.044
C00427,Student,Under 18,16,5.85,0.41,0.199,0.516,0.934,0.017
C00428,Transit-dependent citizen,45-59,52,4.1,0.905,0.464,0.734,0.236,0.63
C00429,Outdoor worker,18-24,21,4.61,0.951,0.27,0.724,0.97,0.275
C00430,General pedestrian,35-44,39,5.25,0.044,0.216,0.327,0.249,0.009
C00431,Outdoor worker,18-24,21,5.46,0.909,0.176,0.831,0.344,0.133
C00432,Student,18-24,21,5.61,0.406,0.644,0.605,0.412,0.585
C00433,Student,18-24,21,6.89,0.169,0.871,0.19,0.689,0.572
C00434,Transit-dependent citizen,25-34,29,7.2,0.818,0.98,0.527,0.909,0.646
C00435,Student,Under 18,16,4.33,0.22,0.392,0.275,0.624,0.354
C00436,Student,18-24,21,4.99,0.635,0.743,0.642,0.828,0.02
C00437,Family / parent,45-59,52,4.11,0.273,0.65,0.355,0.962,0.104
C00438,Student,18-24,21,5.54,0.593,0.834,0.198,0.927,0.006
C00439,Outdoor worker,35-44,39,3.94,0.738,0.996,0.193,0.852,0.033
C00440,Mobility-limited citizen,18-24,21,2.93,0.165,0.876,0.294,0.488,0.668
C00441,Elderly citizen,60+,66,4.87,0.936,0.308,0.838,0.411,0.069
C00442,Transit-dependent citizen,45-59,52,5.26,0.948,0.921,0.652,0.546,0.908
C00443,Transit-dependent citizen,Under 18,16,5.17,0.886,0.638,0.454,0.679,0.848
C00444,Mobility-limited citizen,25-34,29,2.82,0.424,0.243,0.426,0.916,0.222
C00445,Outdoor worker,18-24,21,7.2,0.879,0.51,0.58,0.835,0.462
C00446,Outdoor worker,18-24,21,5.77,0.722,0.988,0.075,0.646,0.122
C00447,Student,18-24,21,5.96,0.168,0.134,0.537,0.907,0.199
C00448,Student,18-24,21,7.04,0.186,0.983,0.546,0.894,0.186
C00449,Outdoor worker,18-24,21,6.3,0.92,0.466,0.496,0.85,0.062
C00450,Transit-dependent citizen,18-24,21,7.11,0.87,0.798,0.68,0.489,0.985
C00451,Outdoor worker,25-34,29,7.12,0.762,0.997,0.254,0.829,0.297
C00452,General pedestrian,45-59,52,4.25,0.241,0.947,0.507,0.806,0.522
C00453,Outdoor worker,45-59,52,5.74,0.743,0.128,0.855,0.234,0.002
C00454,Student,18-24,21,5.15,0.479,0.982,0.596,0.397,0.471
C00455,Elderly citizen,60+,66,4.51,0.37,0.618,0.467,0.206,0.141
C00456,Student,Under 18,16,4.38,0.036,0.946,0.208,0.926,0.051
C00457,Outdoor worker,18-24,21,7.2,0.852,0.984,0.346,0.551,0.161
C00458,General pedestrian,45-59,52,5.92,0.091,0.435,0.5,0.809,0.092
C00459,Elderly citizen,60+,66,5.12,0.741,0.755,0.681,0.799,0.233
C00460,Student,18-24,21,5.46,0.153,0.998,0.369,0.941,0.594
C00461,Student,Under 18,16,5.21,0.445,0.972,0.425,0.733,0.337
C00462,Outdoor worker,25-34,29,6.32,0.894,0.969,0.413,0.205,0.261
C00463,Outdoor worker,25-34,29,7.2,0.907,0.27,0.733,0.558,0.002
C00464,Outdoor worker,45-59,52,4.99,0.729,0.356,0.617,0.973,0.068
C00465,Student,Under 18,16,5.23,0.669,0.208,0.608,0.246,0.099
C00466,Student,18-24,21,7.2,0.363,0.186,0.592,0.919,0.001
C00467,Elderly citizen,60+,66,3.78,0.568,0.231,0.221,0.951,0.013
C00468,General pedestrian,45-59,52,6.51,0.689,0.941,0.42,0.593,0.246
C00469,Student,18-24,21,5.44,0.008,0.164,0.186,0.98,0.004
C00470,Family / parent,25-34,29,6.33,0.334,0.373,0.392,0.956,0.056
C00471,Transit-dependent citizen,Under 18,16,6.51,0.687,0.313,0.801,0.404,0.979
C00472,Family / parent,35-44,39,5.32,0.503,0.994,0.325,0.983,0.321
C00473,Family / parent,25-34,29,5.07,0.452,0.995,0.349,0.866,0.083
C00474,Student,18-24,21,7.2,0.129,0.145,0.443,0.539,0.054
C00475,Student,18-24,21,6.33,0.616,0.099,0.731,0.674,0.022
C00476,Student,18-24,21,4.94,0.428,0.161,0.438,0.784,0.061
C00477,Transit-dependent citizen,18-24,21,4.18,0.784,0.673,0.403,0.552,0.903
C00478,Family / parent,45-59,52,6.53,0.154,0.485,0.226,0.942,0.436
C00479,Transit-dependent citizen,Under 18,16,5.29,0.193,0.983,0.281,0.833,0.906
C00480,Transit-dependent citizen,45-59,52,5.17,0.864,0.064,0.567,0.841,0.619
C00481,Student,18-24,21,5.48,0.494,0.745,0.337,0.869,0.045
C00482,Student,18-24,21,7.2,0.347,0.95,0.253,0.447,0.061
C00483,General pedestrian,35-44,39,3.87,0.361,1.0,0.704,0.34,0.503
C00484,Outdoor worker,18-24,21,5.42,0.77,0.022,0.841,0.49,0.193
C00485,Student,Under 18,16,6.16,0.585,0.567,0.415,0.98,0.007
C00486,Elderly citizen,60+,66,6.95,0.795,0.901,0.512,0.886,0.008
C00487,Elderly citizen,60+,66,4.62,0.384,0.972,0.458,0.749,0.094
C00488,General pedestrian,45-59,52,5.87,0.585,0.28,0.768,0.679,0.025
C00489,Outdoor worker,35-44,39,6.01,0.984,0.244,0.804,0.596,0.164
C00490,Outdoor worker,18-24,21,6.93,0.93,0.568,0.743,0.834,0.053
C00491,Elderly citizen,60+,66,4.99,0.725,0.069,0.549,0.959,0.038
C00492,General pedestrian,25-34,29,7.2,0.357,0.989,0.496,0.713,0.005
C00493,Student,18-24,21,5.92,0.15,0.405,0.714,0.609,0.039
C00494,Outdoor worker,Under 18,16,4.37,0.917,0.407,0.369,0.964,0.15
C00495,Outdoor worker,18-24,21,7.2,0.91,0.67,0.403,0.907,0.07
C00496,Elderly citizen,60+,66,6.89,0.439,0.186,0.362,0.487,0.299
C00497,Student,18-24,21,7.2,0.343,0.896,0.746,0.937,0.007
C00498,Transit-dependent citizen,Under 18,16,5.24,0.548,0.982,0.293,0.803,0.697
C00499,Transit-dependent citizen,18-24,21,6.01,0.121,0.997,0.259,0.876,0.678
C00500,Outdoor worker,45-59,52,5.17,0.722,0.953,0.498,0.996,0.016
C00501,Student,18-24,21,5.01,0.442,0.473,0.683,0.44,0.178
C00502,Student,Under 18,16,4.73,0.691,0.983,0.312,0.934,0.179
C00503,Student,18-24,21,7.2,0.419,0.235,0.532,0.497,0.039
C00504,Student,Under 18,16,6.14,0.439,0.984,0.18,0.835,0.395
C00505,Elderly citizen,60+,66,6.63,0.967,0.997,0.576,0.305,0.939
C00506,Student,18-24,21,5.33,0.447,0.168,0.413,0.842,0.001
C00507,Student,Under 18,16,6.26,0.338,0.489,0.485,0.823,0.025
C00508,Outdoor worker,18-24,21,7.2,0.83,0.937,0.388,0.716,0.015
C00509,Student,Under 18,16,5.04,0.633,0.874,0.533,0.872,0.506
C00510,Mobility-limited citizen,Under 18,16,3.12,0.123,0.122,0.491,0.965,0.909
C00511,Transit-dependent citizen,18-24,21,3.98,0.924,0.747,0.473,0.959,0.984
C00512,Outdoor worker,35-44,39,5.85,0.895,0.328,0.641,0.658,0.144
C00513,Student,18-24,21,4.55,0.173,0.043,0.554,0.858,0.102
C00514,Student,18-24,21,4.58,0.563,0.945,0.295,0.923,0.037
C00515,Elderly citizen,60+,66,6.33,0.991,0.053,0.892,0.329,0.002
C00516,Transit-dependent citizen,18-24,21,6.81,0.928,0.999,0.121,0.98,0.88
C00517,Transit-dependent citizen,18-24,21,4.25,0.083,0.486,0.144,0.987,0.62
C00518,Outdoor worker,18-24,21,5.75,0.872,0.897,0.306,0.828,0.011
C00519,General pedestrian,35-44,39,3.8,0.07,0.168,0.232,0.772,0.033
C00520,Elderly citizen,60+,66,5.54,0.502,0.77,0.529,0.9,0.051
C00521,Student,18-24,21,6.17,0.127,0.014,0.408,0.764,0.012
C00522,Student,18-24,21,6.87,0.464,0.334,0.296,0.853,0.035
C00523,Mobility-limited citizen,45-59,52,3.14,0.45,0.05,0.608,0.759,0.903
C00524,Student,Under 18,16,5.8,0.659,0.993,0.19,0.915,0.149
C00525,Student,18-24,21,5.15,0.54,0.158,0.378,0.735,0.055
C00526,Student,Under 18,16,6.48,0.179,0.52,0.356,0.712,0.268
C00527,Elderly citizen,60+,66,3.59,0.852,0.118,0.43,0.779,0.56
C00528,Student,18-24,21,5.63,0.393,0.922,0.271,0.629,0.179
C00529,Transit-dependent citizen,18-24,21,5.24,0.504,0.388,0.666,0.794,0.924
C00530,Elderly citizen,60+,66,5.53,0.939,0.576,0.695,0.617,0.046
C00531,Student,18-24,21,5.09,0.61,0.975,0.109,0.969,0.546
C00532,Outdoor worker,18-24,21,4.97,0.732,0.153,0.429,0.734,0.173
C00533,Outdoor worker,Under 18,16,7.12,0.961,0.916,0.837,0.287,0.327
C00534,Transit-dependent citizen,18-24,21,3.92,0.82,0.927,0.143,0.639,0.899
C00535,Transit-dependent citizen,25-34,29,5.57,0.844,0.843,0.564,0.73,0.743
C00536,Outdoor worker,18-24,21,4.52,0.884,0.036,0.527,0.869,0.037
C00537,Transit-dependent citizen,25-34,29,6.66,0.715,0.131,0.733,0.704,0.692
C00538,Student,18-24,21,6.32,0.207,0.959,0.354,0.384,0.414
C00539,Student,Under 18,16,7.14,0.61,0.874,0.716,0.7,0.014
C00540,Outdoor worker,18-24,21,7.09,0.851,0.471,0.771,0.727,0.427
C00541,Family / parent,35-44,39,3.83,0.16,0.94,0.204,0.974,0.349
C00542,Mobility-limited citizen,45-59,52,3.36,0.11,0.685,0.127,0.92,0.016
C00543,Transit-dependent citizen,Under 18,16,4.11,0.836,0.582,0.532,0.952,0.727
C00544,Student,18-24,21,5.24,0.073,0.505,0.32,0.828,0.012
C00545,Outdoor worker,25-34,29,7.2,0.805,0.843,0.411,0.552,0.052
C00546,Student,18-24,21,3.98,0.085,0.054,0.32,0.929,0.048
C00547,General pedestrian,45-59,52,4.43,0.522,0.367,0.49,0.619,0.001
C00548,Family / parent,25-34,29,5.87,0.048,0.319,0.436,0.942,0.014
C00549,Student,18-24,21,5.75,0.399,0.04,0.755,0.526,0.218
C00550,General pedestrian,45-59,52,6.63,0.488,0.066,0.745,0.834,0.033
C00551,General pedestrian,35-44,39,6.25,0.458,0.941,0.229,0.689,0.594
C00552,Student,18-24,21,6.28,0.291,0.982,0.239,0.868,0.1
C00553,Student,18-24,21,5.89,0.409,0.322,0.404,0.926,0.0
C00554,Transit-dependent citizen,Under 18,16,4.98,0.449,0.578,0.438,0.854,0.629
C00555,Student,18-24,21,5.29,0.613,0.528,0.672,0.853,0.532
C00556,Student,18-24,21,7.11,0.359,0.98,0.325,0.855,0.064
C00557,Outdoor worker,18-24,21,7.12,0.866,0.89,0.371,0.662,0.002
C00558,Outdoor worker,18-24,21,7.2,0.836,0.868,0.56,0.216,0.022
C00559,Elderly citizen,60+,66,5.72,0.951,0.959,0.426,0.984,0.356
C00560,Family / parent,25-34,29,4.98,0.317,0.279,0.269,0.963,0.08
C00561,Outdoor worker,Under 18,16,6.35,0.721,0.056,0.673,0.841,0.158
C00562,Student,18-24,21,4.72,0.465,0.715,0.155,0.546,0.039
C00563,Outdoor worker,35-44,39,4.57,0.796,0.758,0.397,0.949,0.347
C00564,Student,Under 18,16,5.32,0.43,0.701,0.253,0.974,0.262
C00565,Outdoor worker,18-24,21,6.02,0.799,0.283,0.452,0.932,0.511
C00566,Outdoor worker,25-34,29,7.2,0.738,0.704,0.428,0.964,0.261
C00567,Transit-dependent citizen,35-44,39,6.09,0.062,0.886,0.114,0.948,0.961
C00568,General pedestrian,25-34,29,6.44,0.114,0.97,0.256,0.673,0.567
C00569,Elderly citizen,60+,66,5.21,0.5,0.502,0.421,0.872,0.553
C00570,Student,18-24,21,6.57,0.456,0.022,0.388,0.704,0.019
C00571,Mobility-limited citizen,45-59,52,3.09,0.376,0.992,0.636,0.819,0.085
C00572,Student,18-24,21,4.68,0.206,0.261,0.179,0.839,0.296
C00573,Outdoor worker,18-24,21,6.19,0.902,0.993,0.709,0.967,0.02
C00574,Outdoor worker,Under 18,16,6.38,0.766,0.141,0.713,0.696,0.009
C00575,Mobility-limited citizen,18-24,21,2.5,0.056,0.015,0.408,0.862,0.257
C00576,Family / parent,25-34,29,6.33,0.493,0.978,0.416,0.893,0.516
C00577,Student,Under 18,16,5.2,0.314,0.768,0.192,0.894,0.396
C00578,Outdoor worker,Under 18,16,4.68,0.798,0.583,0.423,0.764,0.049
C00579,Student,18-24,21,4.58,0.52,0.01,0.56,0.603,0.108
C00580,Student,18-24,21,4.02,0.152,0.922,0.09,0.985,0.015
C00581,Transit-dependent citizen,Under 18,16,4.36,0.561,0.917,0.514,0.911,0.869
C00582,General pedestrian,25-34,29,5.82,0.046,0.99,0.173,0.848,0.008
C00583,Student,18-24,21,5.43,0.458,0.145,0.35,0.934,0.085
C00584,Student,18-24,21,6.12,0.518,0.781,0.257,0.902,0.015
C00585,Student,18-24,21,6.01,0.061,0.092,0.547,0.554,0.006
C00586,Transit-dependent citizen,18-24,21,6.39,0.553,0.996,0.598,0.689,0.82
C00587,Elderly citizen,60+,66,4.78,0.805,0.693,0.24,0.988,0.003
C00588,Student,18-24,21,6.67,0.551,0.92,0.296,0.954,0.021
C00589,Elderly citizen,60+,66,5.85,0.072,0.027,0.276,0.923,0.247
C00590,Student,Under 18,16,4.94,0.136,0.2,0.417,0.778,0.211
C00591,Family / parent,45-59,52,5.97,0.702,0.94,0.798,0.886,0.356
C00592,Family / parent,25-34,29,6.55,0.383,0.749,0.32,0.856,0.245
C00593,Student,Under 18,16,4.68,0.164,0.688,0.486,0.905,0.187
C00594,Outdoor worker,18-24,21,5.0,0.879,0.988,0.503,0.602,0.218
C00595,Student,18-24,21,4.91,0.687,0.952,0.163,0.983,0.018
C00596,Student,18-24,21,4.82,0.54,0.339,0.371,0.855,0.047
C00597,Student,18-24,21,6.11,0.276,0.335,0.26,0.923,0.115
C00598,Elderly citizen,60+,66,6.95,0.93,0.998,0.647,0.423,0.531
C00599,Outdoor worker,Under 18,16,6.41,0.772,0.128,0.159,0.725,0.016
C00600,Student,Under 18,16,4.81,0.506,0.771,0.233,0.931,0.049
C00601,Student,18-24,21,6.35,0.484,0.925,0.632,0.864,0.007
C00602,General pedestrian,45-59,52,5.36,0.199,0.956,0.343,0.681,0.074
C00603,Student,Under 18,16,7.11,0.415,0.974,0.309,0.992,0.268
C00604,Student,18-24,21,6.18,0.621,0.995,0.567,0.663,0.336
C00605,Student,18-24,21,7.2,0.558,0.013,0.63,0.313,0.039
C00606,Student,Under 18,16,5.26,0.354,0.862,0.452,0.525,0.085
C00607,Student,18-24,21,5.41,0.543,0.687,0.301,0.583,0.016
C00608,Student,18-24,21,5.72,0.164,0.213,0.671,0.128,0.067
C00609,Student,18-24,21,4.45,0.146,0.671,0.124,0.915,0.09
C00610,Outdoor worker,18-24,21,4.96,0.756,0.979,0.49,0.285,0.032
C00611,Transit-dependent citizen,45-59,52,4.66,0.77,0.902,0.725,0.102,0.616
C00612,Student,18-24,21,3.87,0.277,0.088,0.092,0.965,0.012
C00613,Student,Under 18,16,5.38,0.326,0.025,0.694,0.806,0.044
C00614,General pedestrian,35-44,39,3.79,0.563,0.991,0.15,0.821,0.001
C00615,Student,Under 18,16,6.6,0.151,0.678,0.176,0.943,0.59
C00616,Student,Under 18,16,4.9,0.703,0.719,0.296,0.95,0.006
C00617,Student,18-24,21,6.2,0.707,0.97,0.535,0.966,0.132
C00618,Outdoor worker,18-24,21,5.68,0.849,0.412,0.285,0.659,0.003
C00619,Student,Under 18,16,4.41,0.239,0.147,0.218,0.783,0.214
C00620,Outdoor worker,18-24,21,4.3,0.787,0.008,0.725,0.575,0.545
C00621,General pedestrian,45-59,52,5.34,0.483,0.938,0.694,0.552,0.014
C00622,General pedestrian,45-59,52,6.5,0.347,0.468,0.36,0.451,0.004
C00623,Student,18-24,21,5.65,0.077,0.931,0.305,0.49,0.35
C00624,Transit-dependent citizen,18-24,21,5.2,0.168,0.928,0.449,0.832,0.705
C00625,Outdoor worker,25-34,29,7.2,0.732,0.101,0.78,0.97,0.0
C00626,Outdoor worker,Under 18,16,5.65,0.806,0.571,0.639,0.95,0.023
C00627,Transit-dependent citizen,18-24,21,4.63,0.387,0.998,0.409,0.962,0.925
C00628,Student,18-24,21,6.45,0.497,0.02,0.8,0.387,0.067
C00629,Student,Under 18,16,5.44,0.665,0.964,0.451,0.878,0.025
C00630,Mobility-limited citizen,45-59,52,3.46,0.027,0.061,0.128,0.977,0.062
C00631,Student,18-24,21,5.41,0.477,0.84,0.414,0.97,0.143
C00632,General pedestrian,25-34,29,5.28,0.129,0.875,0.502,0.612,0.539
C00633,Outdoor worker,Under 18,16,6.31,0.93,0.446,0.671,0.837,0.116
C00634,Transit-dependent citizen,Under 18,16,5.13,0.906,0.858,0.831,0.923,0.948
C00635,General pedestrian,45-59,52,4.35,0.612,0.074,0.454,0.783,0.016
C00636,Transit-dependent citizen,25-34,29,4.05,0.46,0.954,0.246,0.683,0.909
C00637,Student,18-24,21,5.84,0.585,0.981,0.474,0.957,0.006
C00638,Outdoor worker,18-24,21,4.74,0.745,0.986,0.411,0.931,0.033
C00639,Mobility-limited citizen,Under 18,16,3.06,0.467,0.447,0.376,0.752,0.201
C00640,Student,18-24,21,6.24,0.186,0.379,0.297,0.53,0.017
C00641,Outdoor worker,18-24,21,6.22,0.74,0.007,0.757,0.695,0.054
C00642,General pedestrian,35-44,39,7.2,0.426,0.66,0.711,0.738,0.012
C00643,Outdoor worker,18-24,21,6.56,0.787,0.998,0.23,0.7,0.079
C00644,Outdoor worker,25-34,29,6.72,0.876,0.259,0.565,0.707,0.006
C00645,Student,18-24,21,5.89,0.631,0.992,0.313,0.954,0.21
C00646,Outdoor worker,45-59,52,5.08,0.924,0.054,0.741,0.859,0.297
C00647,Outdoor worker,Under 18,16,4.8,0.73,0.597,0.505,0.985,0.055
C00648,Transit-dependent citizen,Under 18,16,5.13,0.854,0.079,0.702,0.914,0.692
C00649,Outdoor worker,Under 18,16,5.24,0.785,0.962,0.756,0.176,0.121
C00650,Outdoor worker,18-24,21,7.2,0.775,0.575,0.553,0.845,0.494
C00651,Transit-dependent citizen,45-59,52,5.28,0.642,0.472,0.674,0.852,0.989
C00652,Transit-dependent citizen,18-24,21,5.72,0.649,0.916,0.512,0.932,0.866
C00653,Student,18-24,21,5.52,0.115,0.23,0.284,0.992,0.006
C00654,Student,Under 18,16,4.99,0.657,0.533,0.317,0.446,0.005
C00655,Student,18-24,21,3.86,0.349,0.901,0.499,0.938,0.161
C00656,Elderly citizen,60+,66,3.4,0.065,0.65,0.258,0.659,0.003
C00657,Student,18-24,21,7.09,0.369,0.791,0.237,0.21,0.021
C00658,Student,Under 18,16,6.11,0.582,0.858,0.372,0.557,0.174
C00659,Student,18-24,21,5.31,0.589,0.45,0.235,0.889,0.195
C00660,Mobility-limited citizen,45-59,52,2.44,0.111,0.311,0.279,0.992,0.051
C00661,Student,Under 18,16,6.97,0.52,0.999,0.347,0.638,0.19
C00662,Student,18-24,21,4.21,0.446,0.157,0.313,0.636,0.02
C00663,Student,Under 18,16,5.8,0.39,0.918,0.153,0.98,0.016
C00664,Outdoor worker,Under 18,16,6.37,0.79,0.446,0.63,0.864,0.117
C00665,Family / parent,45-59,52,4.54,0.526,0.054,0.515,0.979,0.001
C00666,Transit-dependent citizen,45-59,52,5.17,0.958,0.958,0.378,0.855,0.67
C00667,Student,18-24,21,4.54,0.484,0.94,0.187,0.901,0.488
C00668,Elderly citizen,60+,66,4.98,0.228,0.83,0.678,0.76,0.871
C00669,Student,18-24,21,5.56,0.626,0.602,0.441,0.926,0.208
C00670,Transit-dependent citizen,18-24,21,5.32,0.248,0.978,0.257,0.911,0.602
C00671,Family / parent,45-59,52,4.7,0.561,0.998,0.131,0.953,0.078
C00672,General pedestrian,35-44,39,6.43,0.263,0.074,0.647,0.735,0.056
C00673,General pedestrian,35-44,39,4.92,0.546,0.521,0.436,0.783,0.118
C00674,General pedestrian,45-59,52,4.34,0.214,0.458,0.355,0.733,0.15
C00675,Outdoor worker,18-24,21,7.2,0.883,0.91,0.658,0.267,0.046
C00676,Outdoor worker,Under 18,16,5.76,0.97,0.972,0.517,0.632,0.35
C00677,General pedestrian,45-59,52,4.72,0.483,0.357,0.376,0.734,0.43
C00678,Mobility-limited citizen,Under 18,16,1.8,0.409,0.262,0.117,0.974,0.298
C00679,Student,Under 18,16,5.26,0.353,0.944,0.469,0.678,0.036
C00680,Student,Under 18,16,4.29,0.127,0.039,0.577,0.983,0.448
C00681,Elderly citizen,60+,66,5.53,0.571,0.938,0.237,0.223,0.135
C00682,General pedestrian,25-34,29,5.62,0.312,0.273,0.464,0.552,0.133
C00683,Elderly citizen,60+,66,3.44,0.883,0.032,0.877,0.5,0.799
C00684,Family / parent,25-34,29,5.92,0.575,0.969,0.113,0.961,0.319
C00685,Student,18-24,21,4.12,0.594,0.035,0.682,0.903,0.061
C00686,Mobility-limited citizen,45-59,52,3.27,0.899,0.352,0.645,0.918,0.205
C00687,Student,Under 18,16,5.31,0.495,0.863,0.387,0.578,0.018
C00688,Student,18-24,21,4.54,0.572,0.168,0.145,0.992,0.041
C00689,Outdoor worker,18-24,21,5.01,0.941,0.433,0.871,0.411,0.117
C00690,Student,18-24,21,5.36,0.545,0.298,0.219,0.837,0.026
C00691,Transit-dependent citizen,Under 18,16,5.17,0.662,0.99,0.216,0.978,0.74
C00692,Outdoor worker,18-24,21,5.99,0.728,0.785,0.798,0.584,0.383
C00693,Student,18-24,21,6.51,0.577,0.261,0.75,0.984,0.39
C00694,Family / parent,35-44,39,5.8,0.554,0.988,0.244,0.87,0.296
C00695,Elderly citizen,60+,66,6.33,0.562,0.944,0.22,0.999,0.046
C00696,Student,Under 18,16,4.08,0.376,0.045,0.268,0.868,0.047
C00697,Transit-dependent citizen,Under 18,16,3.84,0.877,0.886,0.519,0.864,0.627
C00698,Transit-dependent citizen,Under 18,16,6.33,0.97,0.975,0.266,0.533,0.607
C00699,Transit-dependent citizen,45-59,52,4.48,0.518,0.86,0.199,0.868,0.803
C00700,Family / parent,25-34,29,5.42,0.225,0.958,0.153,0.986,0.244
C00701,Outdoor worker,Under 18,16,5.66,0.799,0.98,0.402,0.615,0.191
C00702,Outdoor worker,18-24,21,5.32,0.741,0.981,0.705,0.818,0.008
C00703,Student,18-24,21,4.71,0.479,0.999,0.135,0.988,0.031
C00704,Student,Under 18,16,4.61,0.533,0.447,0.781,0.92,0.325
C00705,Transit-dependent citizen,45-59,52,4.96,0.447,0.499,0.578,0.866,0.784
C00706,Elderly citizen,60+,66,5.7,0.01,0.247,0.685,0.615,0.021
C00707,Transit-dependent citizen,18-24,21,5.67,0.405,0.985,0.446,0.21,0.862
C00708,Transit-dependent citizen,18-24,21,6.0,0.047,0.804,0.463,0.943,0.747
C00709,Student,18-24,21,5.12,0.077,0.612,0.292,0.927,0.004
C00710,Student,18-24,21,4.89,0.104,0.43,0.408,0.953,0.014
C00711,Mobility-limited citizen,18-24,21,3.54,0.508,0.138,0.622,0.784,0.733
C00712,Family / parent,45-59,52,5.39,0.718,0.984,0.348,0.919,0.053
C00713,Elderly citizen,60+,66,4.14,0.215,0.039,0.298,0.937,0.143
C00714,Student,18-24,21,5.86,0.085,0.908,0.425,0.729,0.058
C00715,Student,18-24,21,6.82,0.156,0.733,0.255,0.887,0.013
C00716,Family / parent,25-34,29,6.67,0.222,0.753,0.409,0.975,0.503
C00717,Student,18-24,21,4.91,0.607,0.818,0.448,0.721,0.424
C00718,Student,18-24,21,5.13,0.459,0.268,0.59,0.777,0.206
C00719,General pedestrian,35-44,39,7.1,0.676,0.256,0.692,0.661,0.369
C00720,Student,18-24,21,4.49,0.431,0.504,0.547,0.803,0.568
C00721,Transit-dependent citizen,18-24,21,5.69,0.939,0.42,0.844,0.573,0.733
C00722,Student,Under 18,16,5.66,0.439,0.461,0.536,0.755,0.061
C00723,Student,Under 18,16,6.52,0.234,0.243,0.838,0.487,0.547
C00724,Elderly citizen,60+,66,5.23,0.518,0.908,0.619,0.671,0.509
C00725,Family / parent,45-59,52,5.73,0.562,0.995,0.095,0.994,0.106
C00726,Student,18-24,21,5.82,0.34,0.161,0.39,0.778,0.015
C00727,Outdoor worker,18-24,21,5.75,0.885,0.518,0.677,0.614,0.383
C00728,Family / parent,25-34,29,7.2,0.649,0.807,0.158,0.89,0.011
C00729,Student,18-24,21,7.04,0.124,0.988,0.617,0.663,0.094
C00730,Outdoor worker,18-24,21,4.97,0.861,0.963,0.237,0.9,0.275
C00731,Student,18-24,21,7.2,0.696,0.6,0.351,0.609,0.02
C00732,Outdoor worker,18-24,21,7.04,0.83,0.279,0.622,0.911,0.062
C00733,Student,18-24,21,4.32,0.669,0.966,0.407,0.977,0.513
C00734,Student,18-24,21,5.28,0.537,0.937,0.627,0.952,0.013
C00735,Outdoor worker,18-24,21,6.67,0.83,0.729,0.431,0.947,0.392
C00736,Outdoor worker,Under 18,16,6.06,0.776,0.9,0.447,0.905,0.331
C00737,Student,18-24,21,7.2,0.52,0.995,0.484,0.932,0.051
C00738,Transit-dependent citizen,Under 18,16,7.14,0.896,0.299,0.731,0.837,0.701
C00739,Student,18-24,21,4.37,0.684,0.424,0.305,0.54,0.1
C00740,Outdoor worker,18-24,21,6.29,0.888,0.945,0.311,0.253,0.013
C00741,Family / parent,35-44,39,5.07,0.642,0.926,0.142,0.904,0.511
C00742,Outdoor worker,25-34,29,7.2,0.781,0.454,0.285,0.565,0.046
C00743,Student,Under 18,16,7.14,0.241,0.962,0.255,0.849,0.188
C00744,Student,18-24,21,6.78,0.175,0.964,0.31,0.878,0.161
C00745,Elderly citizen,60+,66,5.76,0.318,0.009,0.848,0.366,0.013
C00746,Family / parent,25-34,29,6.39,0.403,0.439,0.701,0.903,0.029
C00747,Student,18-24,21,5.89,0.114,0.763,0.205,0.972,0.007
C00748,Student,18-24,21,4.66,0.536,0.24,0.781,0.813,0.04
C00749,Student,18-24,21,5.45,0.167,0.743,0.182,0.972,0.021
C00750,Outdoor worker,18-24,21,4.82,0.829,0.783,0.126,0.984,0.0
C00751,Student,18-24,21,4.05,0.296,0.92,0.278,0.982,0.01
C00752,Mobility-limited citizen,18-24,21,3.33,0.146,0.726,0.069,0.909,0.318
C00753,Transit-dependent citizen,18-24,21,7.2,0.245,0.225,0.417,0.839,0.885
C00754,Transit-dependent citizen,18-24,21,7.18,0.756,0.236,0.458,0.784,0.958
C00755,Mobility-limited citizen,18-24,21,3.1,0.174,0.843,0.221,0.992,0.215
C00756,Outdoor worker,18-24,21,4.48,0.825,0.68,0.614,0.549,0.137
C00757,Mobility-limited citizen,18-24,21,3.47,0.027,0.928,0.111,0.97,0.193
C00758,Student,18-24,21,4.0,0.093,0.883,0.139,0.963,0.586
C00759,Outdoor worker,18-24,21,5.87,0.878,0.904,0.865,0.304,0.551
C00760,Transit-dependent citizen,25-34,29,6.39,0.618,0.989,0.449,0.894,0.885
C00761,Student,18-24,21,4.43,0.222,0.067,0.507,0.317,0.496
C00762,Outdoor worker,35-44,39,6.19,0.934,0.502,0.911,0.382,0.034
C00763,Elderly citizen,60+,66,6.17,0.594,0.947,0.155,0.929,0.093
C00764,General pedestrian,45-59,52,5.05,0.318,0.983,0.291,0.591,0.194
C00765,Transit-dependent citizen,18-24,21,5.96,0.634,0.362,0.821,0.871,0.888
C00766,Student,18-24,21,7.2,0.451,0.926,0.525,0.986,0.215
C00767,Transit-dependent citizen,18-24,21,6.33,0.335,0.959,0.283,0.86,0.97
C00768,Elderly citizen,60+,66,3.37,0.281,0.763,0.148,0.991,0.392
C00769,Elderly citizen,60+,66,4.53,0.614,0.192,0.489,0.93,0.016
C00770,Outdoor worker,Under 18,16,5.92,0.875,0.813,0.219,0.874,0.043
C00771,Outdoor worker,35-44,39,7.2,0.842,0.992,0.373,0.576,0.393
C00772,Student,18-24,21,7.2,0.363,0.802,0.518,0.747,0.006
C00773,Student,18-24,21,5.81,0.173,0.968,0.293,0.849,0.036
C00774,Student,18-24,21,5.58,0.058,0.408,0.134,0.88,0.03
C00775,Student,18-24,21,5.59,0.472,0.587,0.606,0.419,0.008
C00776,Family / parent,45-59,52,5.51,0.5,0.173,0.523,0.93,0.153
C00777,Transit-dependent citizen,45-59,52,5.58,0.862,0.002,0.769,0.445,0.984
C00778,Elderly citizen,60+,66,4.66,0.399,0.997,0.193,0.503,0.203
C00779,Student,18-24,21,4.94,0.057,0.94,0.164,0.867,0.129
C00780,Student,18-24,21,6.48,0.404,0.417,0.425,0.961,0.161
C00781,Student,18-24,21,4.01,0.451,0.02,0.286,0.652,0.168
C00782,Outdoor worker,18-24,21,6.43,0.825,0.99,0.27,0.963,0.366
C00783,Transit-dependent citizen,18-24,21,5.89,0.751,0.229,0.531,0.585,0.947
C00784,Student,18-24,21,6.83,0.171,0.736,0.634,0.775,0.007
C00785,Elderly citizen,60+,66,3.91,0.373,0.99,0.23,0.969,0.233
C00786,Transit-dependent citizen,18-24,21,4.14,0.023,0.903,0.161,0.814,0.832
C00787,Student,18-24,21,4.36,0.114,0.281,0.423,0.93,0.028
C00788,Student,18-24,21,4.42,0.311,0.983,0.304,0.988,0.034
C00789,Student,18-24,21,6.31,0.312,0.988,0.739,0.699,0.155
C00790,Transit-dependent citizen,18-24,21,7.2,0.543,0.967,0.426,0.482,0.619
C00791,Outdoor worker,45-59,52,4.36,0.738,0.934,0.304,0.769,0.064
C00792,Student,18-24,21,6.97,0.209,0.911,0.28,0.721,0.226
C00793,Transit-dependent citizen,18-24,21,5.24,0.682,0.966,0.401,0.7,0.887
C00794,Student,18-24,21,3.91,0.44,0.255,0.277,0.748,0.01
C00795,Student,18-24,21,5.31,0.4,0.957,0.083,0.914,0.261
C00796,Transit-dependent citizen,Under 18,16,5.83,0.549,0.98,0.58,0.636,0.922
C00797,Student,18-24,21,4.66,0.499,0.294,0.16,0.985,0.591
C00798,Outdoor worker,18-24,21,5.29,0.879,0.219,0.744,0.867,0.398
C00799,Elderly citizen,60+,66,6.95,0.685,0.294,0.664,0.07,0.105
C00800,Outdoor worker,18-24,21,7.2,0.984,0.984,0.407,0.787,0.269
C00801,Student,18-24,21,6.34,0.666,0.075,0.702,0.847,0.097
C00802,Outdoor worker,18-24,21,7.2,0.824,0.357,0.788,0.625,0.048
C00803,General pedestrian,45-59,52,3.62,0.391,0.544,0.588,0.586,0.132
C00804,Student,18-24,21,6.77,0.391,0.325,0.453,0.996,0.051
C00805,Outdoor worker,18-24,21,6.78,0.731,0.595,0.228,0.723,0.034
C00806,Student,Under 18,16,4.44,0.151,0.813,0.218,0.879,0.15
C00807,General pedestrian,45-59,52,6.18,0.27,0.884,0.531,0.493,0.03
C00808,Student,18-24,21,3.79,0.271,0.932,0.221,0.719,0.378
C00809,Outdoor worker,45-59,52,4.37,0.919,0.156,0.257,0.665,0.02
C00810,Student,Under 18,16,7.14,0.03,0.768,0.5,0.271,0.262
C00811,Outdoor worker,18-24,21,6.57,0.938,0.55,0.346,0.882,0.015
C00812,Student,18-24,21,4.57,0.596,0.023,0.493,0.983,0.035
C00813,Outdoor worker,45-59,52,4.38,0.91,0.818,0.424,0.75,0.028
C00814,Mobility-limited citizen,18-24,21,3.54,0.767,0.964,0.501,0.389,0.151
C00815,Transit-dependent citizen,18-24,21,6.11,0.797,0.703,0.549,0.651,0.704
C00816,Family / parent,35-44,39,4.32,0.643,0.127,0.379,0.851,0.151
C00817,Transit-dependent citizen,18-24,21,5.37,0.32,1.0,0.101,0.937,0.73
C00818,Outdoor worker,Under 18,16,5.57,0.863,0.375,0.411,0.975,0.048
C00819,Student,18-24,21,4.46,0.127,0.032,0.315,0.985,0.049
C00820,Student,Under 18,16,4.49,0.703,0.114,0.473,0.924,0.071
C00821,Student,18-24,21,5.3,0.322,0.492,0.591,0.85,0.133
C00822,Transit-dependent citizen,Under 18,16,5.19,0.567,0.879,0.46,0.836,0.913
C00823,Student,18-24,21,5.59,0.558,0.592,0.218,0.973,0.177
C00824,Outdoor worker,18-24,21,7.15,0.744,0.998,0.337,0.799,0.2
C00825,Student,Under 18,16,4.84,0.06,0.927,0.133,0.979,0.587
C00826,Student,Under 18,16,7.14,0.652,0.593,0.896,0.736,0.006
C00827,Student,18-24,21,6.49,0.195,0.066,0.261,0.875,0.018
C00828,Elderly citizen,60+,66,4.53,0.131,0.297,0.637,0.236,0.804
C00829,Transit-dependent citizen,Under 18,16,4.58,0.789,0.363,0.639,0.935,0.798
C00830,Elderly citizen,60+,66,5.82,0.923,0.653,0.471,0.826,0.016
C00831,Student,18-24,21,5.54,0.702,0.578,0.698,0.658,0.025
C00832,Elderly citizen,60+,66,5.32,0.264,0.479,0.291,0.896,0.26
C00833,Outdoor worker,Under 18,16,7.14,0.908,0.883,0.642,0.741,0.42
C00834,Elderly citizen,60+,66,5.32,0.879,0.306,0.643,0.765,0.013
C00835,Student,18-24,21,5.12,0.691,0.91,0.438,0.903,0.144
C00836,Family / parent,45-59,52,4.73,0.077,0.477,0.327,0.948,0.305
C00837,Family / parent,35-44,39,4.4,0.417,0.844,0.54,0.972,0.13
C00838,Outdoor worker,25-34,29,7.2,0.811,0.923,0.566,0.552,0.011
C00839,Outdoor worker,18-24,21,5.82,0.925,0.833,0.439,0.494,0.094
C00840,Transit-dependent citizen,18-24,21,6.35,0.92,0.696,0.509,0.83,0.928
C00841,Elderly citizen,60+,66,6.78,0.964,0.72,0.678,0.561,0.016
C00842,Outdoor worker,25-34,29,4.2,0.913,0.096,0.789,0.81,0.181
C00843,Outdoor worker,18-24,21,4.74,0.827,0.956,0.489,0.966,0.041
C00844,Transit-dependent citizen,18-24,21,4.6,0.4,0.574,0.72,0.879,0.606
C00845,General pedestrian,45-59,52,6.03,0.443,0.244,0.696,0.62,0.073
C00846,Outdoor worker,18-24,21,3.88,0.904,0.566,0.557,0.948,0.084
C00847,Mobility-limited citizen,18-24,21,3.18,0.862,0.551,0.569,0.902,0.889
C00848,Family / parent,25-34,29,6.07,0.163,0.747,0.235,0.854,0.243
C00849,Student,18-24,21,4.05,0.146,0.915,0.693,0.699,0.135
C00850,Mobility-limited citizen,18-24,21,3.22,0.367,0.807,0.389,0.962,0.556
C00851,General pedestrian,35-44,39,5.91,0.701,0.845,0.234,0.818,0.011
C00852,Student,18-24,21,5.79,0.539,0.163,0.602,0.329,0.42
C00853,Transit-dependent citizen,18-24,21,6.15,0.73,0.905,0.495,0.875,0.937
C00854,Student,Under 18,16,4.64,0.139,0.719,0.617,0.368,0.037
C00855,Family / parent,25-34,29,6.38,0.42,0.998,0.167,0.981,0.427
C00856,Transit-dependent citizen,18-24,21,6.04,0.966,0.518,0.553,0.927,0.973
C00857,Student,Under 18,16,7.06,0.343,0.92,0.734,0.506,0.594
C00858,Student,18-24,21,5.5,0.093,0.992,0.168,0.841,0.28
C00859,Student,18-24,21,6.52,0.499,0.986,0.24,0.882,0.264
C00860,Mobility-limited citizen,Under 18,16,2.95,0.902,0.141,0.539,0.95,0.114
C00861,Transit-dependent citizen,25-34,29,4.97,0.47,0.389,0.545,0.931,0.651
C00862,Student,18-24,21,4.09,0.097,0.966,0.106,0.504,0.009
C00863,Outdoor worker,45-59,52,4.23,0.946,0.113,0.493,0.781,0.029
C00864,Transit-dependent citizen,18-24,21,6.6,0.181,0.896,0.332,0.817,0.602
C00865,Outdoor worker,18-24,21,6.79,0.96,0.615,0.665,0.891,0.002
C00866,General pedestrian,45-59,52,4.22,0.209,0.513,0.775,0.717,0.489
C00867,Outdoor worker,Under 18,16,4.79,0.85,0.302,0.464,0.813,0.474
C00868,Student,18-24,21,4.61,0.509,0.817,0.152,0.828,0.022
C00869,Student,18-24,21,4.05,0.306,0.698,0.253,0.888,0.019
C00870,Outdoor worker,18-24,21,6.25,0.793,0.887,0.47,0.816,0.028
C00871,Outdoor worker,18-24,21,6.31,0.966,0.082,0.585,0.747,0.006
C00872,General pedestrian,45-59,52,4.65,0.244,0.9,0.333,0.796,0.034
C00873,Student,Under 18,16,4.93,0.039,0.102,0.187,0.996,0.456
C00874,Student,Under 18,16,6.49,0.549,0.956,0.611,0.223,0.282
C00875,Transit-dependent citizen,Under 18,16,6.51,0.585,0.98,0.087,0.724,0.894
C00876,Family / parent,25-34,29,6.13,0.155,0.976,0.205,0.965,0.011
C00877,Transit-dependent citizen,25-34,29,6.61,0.158,0.921,0.46,0.774,0.677
C00878,General pedestrian,45-59,52,4.58,0.538,0.146,0.204,0.827,0.104
C00879,General pedestrian,25-34,29,6.37,0.573,0.867,0.529,0.481,0.393
C00880,Outdoor worker,Under 18,16,5.85,0.935,0.787,0.565,0.841,0.386
C00881,Elderly citizen,60+,66,5.17,0.73,0.049,0.384,0.929,0.001
C00882,Outdoor worker,18-24,21,6.08,0.838,0.473,0.687,0.479,0.235
C00883,Family / parent,25-34,29,3.65,0.522,0.819,0.106,0.942,0.22
C00884,Outdoor worker,18-24,21,7.07,0.761,0.368,0.345,0.415,0.003
C00885,Transit-dependent citizen,18-24,21,6.53,0.642,0.895,0.447,0.799,0.766
C00886,General pedestrian,35-44,39,6.84,0.602,0.721,0.727,0.292,0.588
C00887,Student,18-24,21,7.2,0.41,0.991,0.407,0.939,0.098
C00888,Mobility-limited citizen,45-59,52,2.74,0.584,0.762,0.462,0.988,0.007
C00889,Transit-dependent citizen,18-24,21,5.37,0.224,0.955,0.21,0.943,0.743
C00890,Student,18-24,21,5.04,0.316,1.0,0.243,0.995,0.102
C00891,Student,18-24,21,5.08,0.479,0.244,0.314,0.751,0.213
C00892,General pedestrian,45-59,52,5.73,0.444,0.454,0.469,0.831,0.256
C00893,Elderly citizen,60+,66,4.74,0.837,0.899,0.738,0.789,0.084
C00894,Student,Under 18,16,4.18,0.182,0.578,0.212,0.81,0.022
C00895,General pedestrian,25-34,29,4.58,0.397,0.984,0.517,0.805,0.034
C00896,General pedestrian,45-59,52,4.5,0.688,0.994,0.113,0.823,0.537
C00897,Student,18-24,21,3.74,0.164,0.882,0.211,0.978,0.105
C00898,Outdoor worker,Under 18,16,7.11,0.878,0.184,0.783,0.73,0.02
C00899,Outdoor worker,18-24,21,4.08,0.793,0.998,0.241,0.915,0.035
C00900,Outdoor worker,18-24,21,6.92,0.818,0.942,0.362,0.852,0.02
C00901,Family / parent,45-59,52,5.96,0.648,0.885,0.474,0.89,0.002
C00902,Elderly citizen,60+,66,6.95,0.805,0.011,0.761,0.153,0.119
C00903,Mobility-limited citizen,Under 18,16,3.07,0.516,0.981,0.107,0.995,0.233
C00904,Family / parent,25-34,29,6.37,0.572,0.648,0.214,0.955,0.056
C00905,Outdoor worker,18-24,21,6.03,0.805,0.966,0.569,0.637,0.034
C00906,Transit-dependent citizen,Under 18,16,5.52,0.39,0.992,0.504,0.993,0.942
C00907,Student,18-24,21,4.88,0.292,0.502,0.724,0.559,0.14
C00908,Family / parent,45-59,52,5.26,0.609,0.93,0.239,0.971,0.07
C00909,Family / parent,45-59,52,5.16,0.116,0.757,0.19,0.97,0.003
C00910,Transit-dependent citizen,Under 18,16,7.12,0.736,0.986,0.526,0.776,0.892
C00911,Outdoor worker,18-24,21,5.81,0.753,0.756,0.25,0.913,0.498
C00912,Student,18-24,21,5.72,0.301,0.999,0.493,0.574,0.299
C00913,Student,18-24,21,5.49,0.394,0.845,0.371,0.946,0.024
C00914,Student,18-24,21,4.04,0.52,0.016,0.241,0.955,0.008
C00915,Outdoor worker,25-34,29,6.41,0.903,0.146,0.542,0.885,0.001
C00916,Transit-dependent citizen,18-24,21,7.2,0.64,1.0,0.451,0.242,0.696
C00917,Mobility-limited citizen,18-24,21,3.22,0.176,0.076,0.58,0.944,0.644
C00918,Transit-dependent citizen,18-24,21,7.2,0.911,0.213,0.794,0.778,0.83
C00919,Outdoor worker,18-24,21,4.9,0.949,0.561,0.553,0.994,0.045
C00920,Student,Under 18,16,4.59,0.447,0.674,0.344,0.861,0.051
C00921,Student,18-24,21,5.07,0.645,0.978,0.306,0.61,0.322
C00922,Outdoor worker,18-24,21,6.52,0.987,0.945,0.524,0.745,0.396
C00923,Family / parent,45-59,52,4.99,0.704,0.986,0.35,0.868,0.019
C00924,Elderly citizen,60+,66,5.51,0.821,0.679,0.345,0.9,0.03
C00925,Outdoor worker,18-24,21,5.98,0.973,0.997,0.465,0.91,0.214
C00926,Student,18-24,21,5.94,0.488,0.97,0.441,0.323,0.561
C00927,Student,18-24,21,5.12,0.323,0.834,0.409,0.42,0.006
C00928,Transit-dependent citizen,Under 18,16,3.91,0.811,0.913,0.758,0.239,0.833
C00929,Elderly citizen,60+,66,3.39,0.227,0.148,0.276,0.99,0.605
C00930,Transit-dependent citizen,18-24,21,5.41,0.107,0.938,0.481,0.909,0.621
C00931,Student,18-24,21,5.47,0.21,0.243,0.221,0.931,0.001
C00932,Student,18-24,21,4.67,0.461,0.355,0.297,0.869,0.024
C00933,Outdoor worker,18-24,21,6.84,0.964,0.992,0.448,0.77,0.003
C00934,Student,Under 18,16,5.89,0.294,0.962,0.525,0.943,0.048
C00935,Family / parent,25-34,29,7.2,0.375,0.643,0.477,0.95,0.483
C00936,Student,Under 18,16,5.28,0.151,0.893,0.132,0.991,0.029
C00937,Student,18-24,21,5.69,0.172,0.75,0.5,0.644,0.467
C00938,Student,18-24,21,4.18,0.665,0.474,0.26,0.931,0.023
C00939,Elderly citizen,60+,66,4.97,0.885,0.142,0.612,0.81,0.055
C00940,Transit-dependent citizen,18-24,21,5.52,0.612,0.088,0.672,0.681,0.915
C00941,Student,18-24,21,6.01,0.093,0.754,0.154,0.994,0.024
C00942,Outdoor worker,18-24,21,6.67,0.926,0.388,0.865,0.59,0.396
C00943,Student,Under 18,16,4.22,0.12,0.888,0.132,0.981,0.454
C00944,Student,18-24,21,6.9,0.215,0.767,0.354,0.941,0.29
C00945,Student,Under 18,16,4.38,0.413,0.088,0.687,0.48,0.015
C00946,Family / parent,25-34,29,5.02,0.52,0.219,0.335,0.974,0.066
C00947,Student,Under 18,16,5.42,0.531,0.443,0.407,0.941,0.076
C00948,Student,18-24,21,5.71,0.229,0.981,0.121,0.923,0.026
C00949,Transit-dependent citizen,18-24,21,4.76,0.026,0.985,0.45,0.974,0.779
C00950,Transit-dependent citizen,18-24,21,6.67,0.628,0.989,0.138,0.841,0.754
C00951,Outdoor worker,18-24,21,7.09,0.935,0.918,0.391,0.73,0.024
C00952,Student,18-24,21,4.97,0.433,0.49,0.509,0.486,0.235
C00953,General pedestrian,35-44,39,6.37,0.718,0.984,0.352,0.675,0.099
C00954,Outdoor worker,Under 18,16,5.2,0.862,0.92,0.179,0.888,0.005
C00955,Outdoor worker,18-24,21,5.04,0.913,0.379,0.443,0.21,0.165
C00956,Student,18-24,21,4.93,0.703,0.062,0.69,0.242,0.498
C00957,Outdoor worker,18-24,21,6.92,0.908,0.48,0.585,0.742,0.074
C00958,Family / parent,45-59,52,5.44,0.278,0.505,0.325,0.911,0.015
C00959,Elderly citizen,60+,66,4.37,0.963,0.031,0.582,0.53,0.43
C00960,Student,18-24,21,6.06,0.622,0.718,0.614,0.794,0.455
C00961,General pedestrian,45-59,52,5.4,0.639,0.954,0.339,0.841,0.017
C00962,Student,18-24,21,7.2,0.094,0.516,0.747,0.849,0.02
C00963,Elderly citizen,60+,66,6.01,0.86,0.389,0.202,0.964,0.0
C00964,Outdoor worker,18-24,21,7.2,0.974,0.019,0.807,0.427,0.033
C00965,Family / parent,25-34,29,5.3,0.662,0.949,0.182,0.998,0.034
C00966,Student,18-24,21,6.5,0.325,0.893,0.632,0.909,0.354
C00967,Outdoor worker,45-59,52,4.22,0.984,0.929,0.588,0.455,0.251
C00968,Elderly citizen,60+,66,6.44,0.117,0.93,0.162,0.546,0.014
C00969,Student,Under 18,16,5.68,0.19,0.224,0.594,0.659,0.451
C00970,Student,18-24,21,4.88,0.336,0.014,0.643,0.812,0.552
C00971,Elderly citizen,60+,66,6.45,0.731,0.966,0.468,0.908,0.51
C00972,Transit-dependent citizen,45-59,52,4.57,0.271,0.964,0.404,0.928,0.927
C00973,Outdoor worker,45-59,52,6.21,0.926,0.995,0.18,0.647,0.015
C00974,Elderly citizen,60+,66,4.37,0.847,0.569,0.423,0.918,0.305
C00975,General pedestrian,45-59,52,6.14,0.397,0.801,0.69,0.205,0.195
C00976,Student,18-24,21,6.75,0.441,0.982,0.442,0.766,0.004
C00977,Student,18-24,21,5.1,0.057,0.99,0.163,0.959,0.526
C00978,Outdoor worker,Under 18,16,7.14,0.949,0.76,0.789,0.648,0.06
C00979,Student,18-24,21,3.93,0.262,0.924,0.304,0.741,0.197
C00980,Outdoor worker,18-24,21,4.8,0.83,0.834,0.216,0.956,0.13
C00981,Transit-dependent citizen,18-24,21,5.54,0.973,0.999,0.692,0.944,0.943
C00982,Student,18-24,21,3.85,0.091,0.472,0.114,0.934,0.028
C00983,Outdoor worker,18-24,21,7.2,0.826,0.76,0.865,0.216,0.003
C00984,Outdoor worker,18-24,21,6.02,0.805,0.077,0.64,0.669,0.038
C00985,Transit-dependent citizen,18-24,21,6.13,0.799,0.979,0.513,0.534,0.914
C00986,Student,18-24,21,6.9,0.386,0.038,0.686,0.839,0.037
C00987,Outdoor worker,18-24,21,5.07,0.761,0.704,0.382,0.907,0.069
C00988,Student,Under 18,16,6.91,0.659,0.228,0.324,0.932,0.091
C00989,Transit-dependent citizen,45-59,52,4.34,0.832,0.926,0.592,0.934,0.807
C00990,Student,Under 18,16,4.5,0.675,0.143,0.391,0.746,0.036
C00991,Student,18-24,21,3.93,0.469,0.893,0.217,0.893,0.005
C00992,General pedestrian,45-59,52,4.27,0.569,0.399,0.746,0.821,0.592
C00993,Student,18-24,21,5.49,0.289,0.123,0.297,0.614,0.078
C00994,Student,18-24,21,7.2,0.213,0.967,0.495,0.767,0.051
C00995,Student,18-24,21,5.34,0.477,0.919,0.41,0.95,0.208
C00996,Outdoor worker,45-59,52,4.11,0.9,0.802,0.92,0.831,0.365
C00997,General pedestrian,45-59,52,4.2,0.313,0.971,0.346,0.402,0.204
C00998,General pedestrian,35-44,39,4.9,0.328,0.871,0.456,0.772,0.318
C00999,General pedestrian,45-59,52,3.94,0.297,0.992,0.467,0.699,0.214
C01000,Mobility-limited citizen,18-24,21,3.58,0.397,0.014,0.507,0.875,0.063
